firstname,lastname,email,age
Valeda,Lea,Valeda.Lea@yopmail.com,102
Valeda,Lea,Ileana.Brotherson@yopmail.com,34
Marnia,Danby,Marnia.Danby@yopmail.com,73
Trixi,Lucienne,Trixi.Lucienne@yopmail.com,71
Nyssa,Kinnard,Nyssa.Kinnard@yopmail.com,71
Lilith,Solitta,Lilith.Solitta@yopmail.com,82
Ira,Selway,Ira.Selway@yopmail.com,16
Tressa,Urias,Tressa.Urias@yopmail.com,137
Ivett,Kimmie,Ivett.Kimmie@yopmail.com,55
Catharine,Phyllis,Catharine.Phyllis@yopmail.com,123
Melanie,Salvidor,Melanie.Salvidor@yopmail.com,52
Anestassia,Adrienne,Anestassia.Adrienne@yopmail.com,66
Fayre,Gamaliel,Fayre.Gamaliel@yopmail.com,60
Mary,Himelman,Mary.Himelman@yopmail.com,67
Mildrid,Boehike,Mildrid.Boehike@yopmail.com,99
Arabel,Dyche,Arabel.Dyche@yopmail.com,15
Tonia,Alva,Tonia.Alva@yopmail.com,50
Lizzie,Scammon,Lizzie.Scammon@yopmail.com,137
Camile,Cutlerr,Camile.Cutlerr@yopmail.com,24
Robbi,Henebry,Robbi.Henebry@yopmail.com,80
Inga,Santoro,Inga.Santoro@yopmail.com,48
Linzy,Sancho,Linzy.Sancho@yopmail.com,125
Lexine,Giff,Lexine.Giff@yopmail.com,31
Kathi,Eldrid,Kathi.Eldrid@yopmail.com,116
Tracey,Gibbeon,Tracey.Gibbeon@yopmail.com,85
Jinny,Durware,Jinny.Durware@yopmail.com,24
Miquela,Persse,Miquela.Persse@yopmail.com,76
Orsola,Demitria,Orsola.Demitria@yopmail.com,104
Leontine,Aloise,Leontine.Aloise@yopmail.com,90
Lyssa,Schroth,Lyssa.Schroth@yopmail.com,61
Marsiella,Milde,Marsiella.Milde@yopmail.com,28
Henriette,Anselmi,Henriette.Anselmi@yopmail.com,56
Donetta,Kylander,Donetta.Kylander@yopmail.com,132
Annice,Munn,Annice.Munn@yopmail.com,76
Marnia,Sabella,Marnia.Sabella@yopmail.com,110
Aaren,Kaete,Aaren.Kaete@yopmail.com,135
Carolina,Kirbee,Carolina.Kirbee@yopmail.com,58
Atlanta,Sperling,Atlanta.Sperling@yopmail.com,71
Briney,Nunci,Briney.Nunci@yopmail.com,86
Karina,Sinegold,Karina.Sinegold@yopmail.com,61
Jsandye,Buckler,Jsandye.Buckler@yopmail.com,60
Katleen,Hartnett,Katleen.Hartnett@yopmail.com,6
Mary,Lynn,Mary.Lynn@yopmail.com,4
Amelia,Mich,Amelia.Mich@yopmail.com,13
Janenna,Helfand,Janenna.Helfand@yopmail.com,9
Vonny,Liva,Vonny.Liva@yopmail.com,138
Riannon,Desai,Riannon.Desai@yopmail.com,110
Malina,Christal,Malina.Christal@yopmail.com,41
Olivette,Gaspard,Olivette.Gaspard@yopmail.com,37
Tonia,Cleavland,Tonia.Cleavland@yopmail.com,136
Maisey,Hepsibah,Maisey.Hepsibah@yopmail.com,7
Jobi,Leary,Jobi.Leary@yopmail.com,132
Libbie,Rese,Libbie.Rese@yopmail.com,115
Lizzie,Leary,Lizzie.Leary@yopmail.com,46
Roberta,Hermes,Roberta.Hermes@yopmail.com,140
Natka,Terencio,Natka.Terencio@yopmail.com,119
Caritta,Goddard,Caritta.Goddard@yopmail.com,66
Sashenka,Lasley,Sashenka.Lasley@yopmail.com,108
Shel,Cecile,Shel.Cecile@yopmail.com,12
Audrie,Slifka,Audrie.Slifka@yopmail.com,118
Gwyneth,Olin,Gwyneth.Olin@yopmail.com,81
Kamilah,Mathilde,Kamilah.Mathilde@yopmail.com,75
Annaliese,Karl,Annaliese.Karl@yopmail.com,25
Janey,LaRue,Janey.LaRue@yopmail.com,55
Joleen,Sibyls,Joleen.Sibyls@yopmail.com,73
Darlleen,Leary,Darlleen.Leary@yopmail.com,98
Cam,Borrell,Cam.Borrell@yopmail.com,11
Gilligan,Noam,Gilligan.Noam@yopmail.com,20
Tatiania,Federica,Tatiania.Federica@yopmail.com,41
Adriana,Si,Adriana.Si@yopmail.com,64
Nessie,Jacinda,Nessie.Jacinda@yopmail.com,125
Elvira,Pernick,Elvira.Pernick@yopmail.com,94
Emylee,Olympium,Emylee.Olympium@yopmail.com,5
Deloria,Niles,Deloria.Niles@yopmail.com,13
Lynea,Yerkovich,Lynea.Yerkovich@yopmail.com,98
Elora,Bashemeth,Elora.Bashemeth@yopmail.com,95
Dorene,Beebe,Dorene.Beebe@yopmail.com,3
Jenilee,Kosey,Jenilee.Kosey@yopmail.com,140
Lorie,Sparhawk,Lorie.Sparhawk@yopmail.com,93
Nataline,Dash,Nataline.Dash@yopmail.com,129
Lucy,Alexandr,Lucy.Alexandr@yopmail.com,57
Orelia,Albertine,Orelia.Albertine@yopmail.com,115
Chickie,Astra,Chickie.Astra@yopmail.com,79
Lacie,Bahr,Lacie.Bahr@yopmail.com,128
Shannah,Isacco,Shannah.Isacco@yopmail.com,50
Berta,Jary,Berta.Jary@yopmail.com,74
Anthia,Nikaniki,Anthia.Nikaniki@yopmail.com,90
Paulita,Darrell,Paulita.Darrell@yopmail.com,32
Cyb,Fairweather,Cyb.Fairweather@yopmail.com,78
Demetris,Wolfgram,Demetris.Wolfgram@yopmail.com,67
Esmeralda,Ilka,Esmeralda.Ilka@yopmail.com,47
Asia,Heisel,Asia.Heisel@yopmail.com,126
Leia,Estella,Leia.Estella@yopmail.com,119
Genovera,Dom,Genovera.Dom@yopmail.com,86
Lucille,Sallyann,Lucille.Sallyann@yopmail.com,130
Modestia,Hermes,Modestia.Hermes@yopmail.com,31
Camile,Merell,Camile.Merell@yopmail.com,61
Norine,Karylin,Norine.Karylin@yopmail.com,115
Beth,Bohlin,Beth.Bohlin@yopmail.com,79
Andeee,Shirberg,Andeee.Shirberg@yopmail.com,132
Lucille,Lasley,Lucille.Lasley@yopmail.com,22
Jemie,Rosalba,Jemie.Rosalba@yopmail.com,46
Edee,Kravits,Edee.Kravits@yopmail.com,6
Debee,Andrel,Debee.Andrel@yopmail.com,129
Tiffie,Saint,Tiffie.Saint@yopmail.com,118
Delilah,Herrera,Delilah.Herrera@yopmail.com,138
Rosanne,Rugen,Rosanne.Rugen@yopmail.com,85
Kelly,Krystle,Kelly.Krystle@yopmail.com,47
Ekaterina,Clywd,Ekaterina.Clywd@yopmail.com,34
Margette,Marcellus,Margette.Marcellus@yopmail.com,107
Consuela,Grobe,Consuela.Grobe@yopmail.com,43
Therine,Hilbert,Therine.Hilbert@yopmail.com,35
Nonnah,Dreda,Nonnah.Dreda@yopmail.com,95
Lilith,Rosemary,Lilith.Rosemary@yopmail.com,90
Frank,Rustice,Frank.Rustice@yopmail.com,19
Tierney,Ehrman,Tierney.Ehrman@yopmail.com,88
Albertina,Jacqui,Albertina.Jacqui@yopmail.com,111
Jan,Tamar,Jan.Tamar@yopmail.com,87
Brynna,Corrine,Brynna.Corrine@yopmail.com,112
Evaleen,Denis,Evaleen.Denis@yopmail.com,87
Mildrid,Hortensia,Mildrid.Hortensia@yopmail.com,125
Consuela,Paine,Consuela.Paine@yopmail.com,17
Ernesta,Darrell,Ernesta.Darrell@yopmail.com,70
Flo,Erminia,Flo.Erminia@yopmail.com,124
Eadie,Persse,Eadie.Persse@yopmail.com,117
Gerianna,Willie,Gerianna.Willie@yopmail.com,93
Briney,Lamoree,Briney.Lamoree@yopmail.com,113
Raina,Wind,Raina.Wind@yopmail.com,18
Wilma,Flita,Wilma.Flita@yopmail.com,124
Rhea,Neils,Rhea.Neils@yopmail.com,139
Lynnea,Shaver,Lynnea.Shaver@yopmail.com,89
Robinia,Hortensia,Robinia.Hortensia@yopmail.com,10
Lanna,Milde,Lanna.Milde@yopmail.com,116
Chandra,Othilia,Chandra.Othilia@yopmail.com,93
Edyth,Eliathas,Edyth.Eliathas@yopmail.com,48
Constance,Codding,Constance.Codding@yopmail.com,31
Bobinette,Goerke,Bobinette.Goerke@yopmail.com,25
Bettine,Romelda,Bettine.Romelda@yopmail.com,33
Alexine,Pettiford,Alexine.Pettiford@yopmail.com,103
Alejandra,Naashom,Alejandra.Naashom@yopmail.com,42
Alisha,Atonsah,Alisha.Atonsah@yopmail.com,122
Gilligan,Luhe,Gilligan.Luhe@yopmail.com,130
Annabela,Ashok,Annabela.Ashok@yopmail.com,96
Lenna,Malina,Lenna.Malina@yopmail.com,112
Mureil,Casimir,Mureil.Casimir@yopmail.com,62
Dari,Pettiford,Dari.Pettiford@yopmail.com,68
Kylynn,Goode,Kylynn.Goode@yopmail.com,115
Ardys,Wooster,Ardys.Wooster@yopmail.com,135
Camile,Ramona,Camile.Ramona@yopmail.com,71
Caryl,Pond,Caryl.Pond@yopmail.com,80
Nerta,Kannry,Nerta.Kannry@yopmail.com,103
Albertina,Lail,Albertina.Lail@yopmail.com,19
Claudina,Stav,Claudina.Stav@yopmail.com,62
Tabbatha,Havens,Tabbatha.Havens@yopmail.com,55
Suzette,Meli,Suzette.Meli@yopmail.com,69
Courtnay,Rad,Courtnay.Rad@yopmail.com,43
Deirdre,Harriman,Deirdre.Harriman@yopmail.com,56
Celestyna,Craggie,Celestyna.Craggie@yopmail.com,67
Claresta,Saunderson,Claresta.Saunderson@yopmail.com,51
Nanete,Hessler,Nanete.Hessler@yopmail.com,30
Oralee,Wandie,Oralee.Wandie@yopmail.com,94
Fayre,Kelula,Fayre.Kelula@yopmail.com,115
Mariann,Pernick,Mariann.Pernick@yopmail.com,100
Desirae,Dyche,Desirae.Dyche@yopmail.com,35
Tera,Meter,Tera.Meter@yopmail.com,94
Laurene,Roscoe,Laurene.Roscoe@yopmail.com,109
Marsiella,Clara,Marsiella.Clara@yopmail.com,11
Laure,Astra,Laure.Astra@yopmail.com,11
Daune,Boycey,Daune.Boycey@yopmail.com,136
Pollyanna,Ajay,Pollyanna.Ajay@yopmail.com,126
Clarice,Junie,Clarice.Junie@yopmail.com,113
Karolina,Arathorn,Karolina.Arathorn@yopmail.com,100
Sibella,Christal,Sibella.Christal@yopmail.com,50
Lizzie,Gherardo,Lizzie.Gherardo@yopmail.com,136
Celisse,Schwejda,Celisse.Schwejda@yopmail.com,60
Cam,Kazimir,Cam.Kazimir@yopmail.com,140
Jasmina,Hewitt,Jasmina.Hewitt@yopmail.com,73
Annice,Rosette,Annice.Rosette@yopmail.com,24
Tatiania,Morrill,Tatiania.Morrill@yopmail.com,21
Hildegaard,Bivins,Hildegaard.Bivins@yopmail.com,40
Evaleen,Goode,Evaleen.Goode@yopmail.com,43
Olwen,Suanne,Olwen.Suanne@yopmail.com,21
Cyb,Vary,Cyb.Vary@yopmail.com,95
Maisey,Alrich,Maisey.Alrich@yopmail.com,123
Hope,Armanda,Hope.Armanda@yopmail.com,132
Gale,Suzetta,Gale.Suzetta@yopmail.com,71
Clary,Leler,Clary.Leler@yopmail.com,37
Grier,Buckler,Grier.Buckler@yopmail.com,121
Edith,Daniele,Edith.Daniele@yopmail.com,23
Elsie,Alwin,Elsie.Alwin@yopmail.com,62
Kimberley,Ariella,Kimberley.Ariella@yopmail.com,12
Deedee,Yusuk,Deedee.Yusuk@yopmail.com,91
Shauna,Dash,Shauna.Dash@yopmail.com,32
Ninnetta,Sprage,Ninnetta.Sprage@yopmail.com,37
Cristine,Francene,Cristine.Francene@yopmail.com,23
Lynnea,Hurley,Lynnea.Hurley@yopmail.com,67
Chloris,Egbert,Chloris.Egbert@yopmail.com,61
Veda,Aldric,Veda.Aldric@yopmail.com,28
Nananne,Adlare,Nananne.Adlare@yopmail.com,57
Teriann,Even,Teriann.Even@yopmail.com,61
Elyssa,Poppy,Elyssa.Poppy@yopmail.com,11
Fanchon,Wadell,Fanchon.Wadell@yopmail.com,139
Raina,Zetta,Raina.Zetta@yopmail.com,12
Meriel,Friede,Meriel.Friede@yopmail.com,124
Nannie,Yate,Nannie.Yate@yopmail.com,57
Ariela,Christine,Ariela.Christine@yopmail.com,66
Kathy,Sholley,Kathy.Sholley@yopmail.com,79
Elyssa,Erskine,Elyssa.Erskine@yopmail.com,111
Karina,Ummersen,Karina.Ummersen@yopmail.com,68
Mureil,Baudin,Mureil.Baudin@yopmail.com,42
Helsa,Harriman,Helsa.Harriman@yopmail.com,15
Carlie,Emerson,Carlie.Emerson@yopmail.com,34
Dennie,Doig,Dennie.Doig@yopmail.com,26
Helena,Konyn,Helena.Konyn@yopmail.com,60
Oona,Donoghue,Oona.Donoghue@yopmail.com,69
Pollyanna,Granoff,Pollyanna.Granoff@yopmail.com,63
Melisent,Arathorn,Melisent.Arathorn@yopmail.com,66
Dode,Autrey,Dode.Autrey@yopmail.com,98
Anestassia,Ivens,Anestassia.Ivens@yopmail.com,116
Codie,Munn,Codie.Munn@yopmail.com,115
Betta,Payson,Betta.Payson@yopmail.com,3
Konstance,Havens,Konstance.Havens@yopmail.com,74
Ebonee,Ferrell,Ebonee.Ferrell@yopmail.com,20
Alie,Argus,Alie.Argus@yopmail.com,21
Harrietta,Ralfston,Harrietta.Ralfston@yopmail.com,115
Helena,Kamaria,Helena.Kamaria@yopmail.com,111
Vivia,Kenwood,Vivia.Kenwood@yopmail.com,82
Mireielle,Leary,Mireielle.Leary@yopmail.com,42
Gretal,Roumell,Gretal.Roumell@yopmail.com,11
Randa,Jess,Randa.Jess@yopmail.com,70
Sophia,Kaete,Sophia.Kaete@yopmail.com,39
Roslyn,Narton,Roslyn.Narton@yopmail.com,5
Selma,Haymes,Selma.Haymes@yopmail.com,138
Vanessa,Romelda,Vanessa.Romelda@yopmail.com,12
Florencia,Cleavland,Florencia.Cleavland@yopmail.com,132
Brena,Gusella,Brena.Gusella@yopmail.com,76
Ariela,McNully,Ariela.McNully@yopmail.com,44
Anallese,Merna,Anallese.Merna@yopmail.com,108
Cyndie,Natalia,Cyndie.Natalia@yopmail.com,57
Mureil,Atcliffe,Mureil.Atcliffe@yopmail.com,20
Ingrid,Niccolo,Ingrid.Niccolo@yopmail.com,14
Vita,Deny,Vita.Deny@yopmail.com,39
Meriel,Even,Meriel.Even@yopmail.com,108
Lizzie,Harl,Lizzie.Harl@yopmail.com,128
Magdalena,Ackerley,Magdalena.Ackerley@yopmail.com,22
Calla,Lewes,Calla.Lewes@yopmail.com,97
Dagmar,Chauncey,Dagmar.Chauncey@yopmail.com,115
Ermengarde,Abbot,Ermengarde.Abbot@yopmail.com,138
Emelina,Robertson,Emelina.Robertson@yopmail.com,32
Jenda,Macey,Jenda.Macey@yopmail.com,92
Elena,Brenn,Elena.Brenn@yopmail.com,54
Netty,Mike,Netty.Mike@yopmail.com,75
Nessie,Saunderson,Nessie.Saunderson@yopmail.com,42
Lorne,Eugenia,Lorne.Eugenia@yopmail.com,69
Kerrin,Lowry,Kerrin.Lowry@yopmail.com,56
Elie,Maples,Elie.Maples@yopmail.com,23
Jenilee,Haldas,Jenilee.Haldas@yopmail.com,74
Janey,Ahab,Janey.Ahab@yopmail.com,128
Belva,Alexandr,Belva.Alexandr@yopmail.com,63
Sean,Couture,Sean.Couture@yopmail.com,92
Andree,Constancy,Andree.Constancy@yopmail.com,8
Cindelyn,Geffner,Cindelyn.Geffner@yopmail.com,5
Stacey,Tamar,Stacey.Tamar@yopmail.com,4
Anica,Lilybelle,Anica.Lilybelle@yopmail.com,97
Estell,Sharl,Estell.Sharl@yopmail.com,37
Katuscha,Noelyn,Katuscha.Noelyn@yopmail.com,49
Raina,Pelagias,Raina.Pelagias@yopmail.com,108
Norine,Flita,Norine.Flita@yopmail.com,130
Aigneis,Eachern,Aigneis.Eachern@yopmail.com,11
Allis,Alejoa,Allis.Alejoa@yopmail.com,35
Malina,Heidt,Malina.Heidt@yopmail.com,84
Rosabelle,Mott,Rosabelle.Mott@yopmail.com,66
Wilma,Schroth,Wilma.Schroth@yopmail.com,41
Elena,Colp,Elena.Colp@yopmail.com,116
Ebonee,Lail,Ebonee.Lail@yopmail.com,121
Kittie,Cynar,Kittie.Cynar@yopmail.com,41
Wilma,Berl,Wilma.Berl@yopmail.com,62
Zaria,Bonucci,Zaria.Bonucci@yopmail.com,132
Aryn,Llovera,Aryn.Llovera@yopmail.com,18
Ana,Tufts,Ana.Tufts@yopmail.com,102
Althea,Carri,Althea.Carri@yopmail.com,109
Doro,Rugen,Doro.Rugen@yopmail.com,104
Pearline,Poppy,Pearline.Poppy@yopmail.com,70
Ekaterina,Serilda,Ekaterina.Serilda@yopmail.com,136
Willetta,Kussell,Willetta.Kussell@yopmail.com,27
Bibby,Goth,Bibby.Goth@yopmail.com,61
Elka,Florina,Elka.Florina@yopmail.com,36
Joleen,Crudden,Joleen.Crudden@yopmail.com,18
Moyna,Maxi,Moyna.Maxi@yopmail.com,61
Marinna,Sheedy,Marinna.Sheedy@yopmail.com,38
Carmencita,Gerge,Carmencita.Gerge@yopmail.com,122
Maurene,Jammal,Maurene.Jammal@yopmail.com,76
Desirae,Morgun,Desirae.Morgun@yopmail.com,60
Maisey,Jerald,Maisey.Jerald@yopmail.com,116
Sadie,Bandeen,Sadie.Bandeen@yopmail.com,99
Lacie,Latini,Lacie.Latini@yopmail.com,118
Lesly,Noman,Lesly.Noman@yopmail.com,27
Cecile,Lail,Cecile.Lail@yopmail.com,55
Alleen,Calhoun,Alleen.Calhoun@yopmail.com,116
Augustine,Letsou,Augustine.Letsou@yopmail.com,24
Joelly,Brady,Joelly.Brady@yopmail.com,58
Kary,Paine,Kary.Paine@yopmail.com,11
Anestassia,Mich,Anestassia.Mich@yopmail.com,80
Renae,Kelula,Renae.Kelula@yopmail.com,37
Celestyna,Anestassia,Celestyna.Anestassia@yopmail.com,83
Darlleen,Salvidor,Darlleen.Salvidor@yopmail.com,117
Chere,Joeann,Chere.Joeann@yopmail.com,64
Mildrid,Rese,Mildrid.Rese@yopmail.com,105
Gale,Tannie,Gale.Tannie@yopmail.com,35
Angelique,Moina,Angelique.Moina@yopmail.com,92
Dennie,Billye,Dennie.Billye@yopmail.com,33
Emmey,Lane,Emmey.Lane@yopmail.com,97
Gerrie,Beebe,Gerrie.Beebe@yopmail.com,124
Damaris,Toni,Damaris.Toni@yopmail.com,91
Nanete,Allina,Nanete.Allina@yopmail.com,50
Ericka,Zachary,Ericka.Zachary@yopmail.com,67
Lyssa,Gunn,Lyssa.Gunn@yopmail.com,99
Vita,Maryanne,Vita.Maryanne@yopmail.com,87
Thalia,Wittie,Thalia.Wittie@yopmail.com,52
Anthia,Laverne,Anthia.Laverne@yopmail.com,32
Elie,Orlene,Elie.Orlene@yopmail.com,71
Basia,Hillel,Basia.Hillel@yopmail.com,33
Glynnis,Fabiola,Glynnis.Fabiola@yopmail.com,7
Arabel,Ephrem,Arabel.Ephrem@yopmail.com,133
Trudie,Earlie,Trudie.Earlie@yopmail.com,21
Glynnis,Wildermuth,Glynnis.Wildermuth@yopmail.com,18
Jessamyn,Carleen,Jessamyn.Carleen@yopmail.com,62
Diena,Nore,Diena.Nore@yopmail.com,42
Romona,Ball,Romona.Ball@yopmail.com,75
Tami,Marisa,Tami.Marisa@yopmail.com,17
Elie,Tiffa,Elie.Tiffa@yopmail.com,63
Ninnetta,Sherfield,Ninnetta.Sherfield@yopmail.com,31
Gui,Vilma,Gui.Vilma@yopmail.com,65
Cristabel,Lemuela,Cristabel.Lemuela@yopmail.com,73
Glenda,Dahlia,Glenda.Dahlia@yopmail.com,130
Verla,Lumbard,Verla.Lumbard@yopmail.com,121
Winifred,Dorothy,Winifred.Dorothy@yopmail.com,17
Jennica,Bearnard,Jennica.Bearnard@yopmail.com,18
Jean,Tarrant,Jean.Tarrant@yopmail.com,61
Monika,Ummersen,Monika.Ummersen@yopmail.com,25
Jolyn,Trinetta,Jolyn.Trinetta@yopmail.com,24
Berget,Morehouse,Berget.Morehouse@yopmail.com,113
Nelle,Cadmar,Nelle.Cadmar@yopmail.com,74
Winny,Naashom,Winny.Naashom@yopmail.com,119
Aurore,Waldron,Aurore.Waldron@yopmail.com,100
Jessy,Brodench,Jessy.Brodench@yopmail.com,124
Kate,Lumbard,Kate.Lumbard@yopmail.com,111
Kittie,Charmine,Kittie.Charmine@yopmail.com,119
Abbie,Lesley,Abbie.Lesley@yopmail.com,60
Donetta,Septima,Donetta.Septima@yopmail.com,119
Sophia,Kamaria,Sophia.Kamaria@yopmail.com,88
Cathyleen,Middleton,Cathyleen.Middleton@yopmail.com,101
Lanna,Adamsen,Lanna.Adamsen@yopmail.com,6
Daryl,Kunin,Daryl.Kunin@yopmail.com,103
Bee,Irmine,Bee.Irmine@yopmail.com,87
Jasmina,Skurnik,Jasmina.Skurnik@yopmail.com,103
Gilda,Scammon,Gilda.Scammon@yopmail.com,64
Raquela,Oscar,Raquela.Oscar@yopmail.com,59
Dagmar,Rustice,Dagmar.Rustice@yopmail.com,51
Roslyn,Tomasina,Roslyn.Tomasina@yopmail.com,78
Magdalena,Johnsson,Magdalena.Johnsson@yopmail.com,20
Helena,Lattie,Helena.Lattie@yopmail.com,93
Marylou,Letsou,Marylou.Letsou@yopmail.com,50
Andree,Middleton,Andree.Middleton@yopmail.com,32
Gretal,Wiener,Gretal.Wiener@yopmail.com,17
Lulita,Astra,Lulita.Astra@yopmail.com,138
Adelle,Marisa,Adelle.Marisa@yopmail.com,126
Jillayne,Sawtelle,Jillayne.Sawtelle@yopmail.com,103
Karena,Michella,Karena.Michella@yopmail.com,113
Sam,Tjon,Sam.Tjon@yopmail.com,129
Joeann,Leopold,Joeann.Leopold@yopmail.com,112
Keelia,Cutlerr,Keelia.Cutlerr@yopmail.com,11
Shauna,Isacco,Shauna.Isacco@yopmail.com,29
Etta,Anselmi,Etta.Anselmi@yopmail.com,83
Tybie,Hurley,Tybie.Hurley@yopmail.com,25
Alameda,Miru,Alameda.Miru@yopmail.com,1
Florencia,Wallis,Florencia.Wallis@yopmail.com,10
Aurore,Toor,Aurore.Toor@yopmail.com,18
Gerianna,Cristi,Gerianna.Cristi@yopmail.com,54
Cacilie,Annabella,Cacilie.Annabella@yopmail.com,112
Maud,Schroth,Maud.Schroth@yopmail.com,29
Jeanna,Nerita,Jeanna.Nerita@yopmail.com,61
Korrie,Engdahl,Korrie.Engdahl@yopmail.com,29
Mariann,Swigart,Mariann.Swigart@yopmail.com,27
Jolyn,Maiah,Jolyn.Maiah@yopmail.com,53
Jennica,Stanwood,Jennica.Stanwood@yopmail.com,83
Evita,Land,Evita.Land@yopmail.com,14
Phylis,Gaynor,Phylis.Gaynor@yopmail.com,32
Jean,Buckler,Jean.Buckler@yopmail.com,79
Marline,Wallis,Marline.Wallis@yopmail.com,69
Quintina,Liebermann,Quintina.Liebermann@yopmail.com,121
Myrtice,Terrence,Myrtice.Terrence@yopmail.com,60
Anthia,Etom,Anthia.Etom@yopmail.com,107
Lory,Hepsibah,Lory.Hepsibah@yopmail.com,67
Gianina,Merna,Gianina.Merna@yopmail.com,122
Violet,Dunkin,Violet.Dunkin@yopmail.com,115
Minda,Read,Minda.Read@yopmail.com,52
Shaylyn,Delila,Shaylyn.Delila@yopmail.com,29
Nikki,An,Nikki.An@yopmail.com,120
Olwen,Angelis,Olwen.Angelis@yopmail.com,95
Babita,Pillsbury,Babita.Pillsbury@yopmail.com,77
Larine,Blisse,Larine.Blisse@yopmail.com,29
Adore,Keelia,Adore.Keelia@yopmail.com,66
Daphne,Kirbee,Daphne.Kirbee@yopmail.com,112
Elora,Romelda,Elora.Romelda@yopmail.com,13
Ruthe,Friede,Ruthe.Friede@yopmail.com,21
Berget,Holbrook,Berget.Holbrook@yopmail.com,21
Fina,Edison,Fina.Edison@yopmail.com,139
Therine,Sigfrid,Therine.Sigfrid@yopmail.com,97
Dacia,Cristi,Dacia.Cristi@yopmail.com,95
Elise,Raimondo,Elise.Raimondo@yopmail.com,8
Claresta,Allare,Claresta.Allare@yopmail.com,122
Gloria,Rad,Gloria.Rad@yopmail.com,97
Di,Keelia,Di.Keelia@yopmail.com,68
Romona,Dermott,Romona.Dermott@yopmail.com,78
Kamilah,Flita,Kamilah.Flita@yopmail.com,138
Consuela,Brodench,Consuela.Brodench@yopmail.com,106
Basia,Gahl,Basia.Gahl@yopmail.com,40
Dacia,Tannie,Dacia.Tannie@yopmail.com,112
Annabela,Loleta,Annabela.Loleta@yopmail.com,51
Konstance,Ogren,Konstance.Ogren@yopmail.com,131
Kylynn,McLaughlin,Kylynn.McLaughlin@yopmail.com,21
Joy,Obed,Joy.Obed@yopmail.com,109
Gratia,Kevon,Gratia.Kevon@yopmail.com,94
Dulce,Eugenia,Dulce.Eugenia@yopmail.com,124
Berget,Dex,Berget.Dex@yopmail.com,26
Adore,Seagraves,Adore.Seagraves@yopmail.com,136
Julieta,Juliet,Julieta.Juliet@yopmail.com,39
Vanessa,Iiette,Vanessa.Iiette@yopmail.com,31
Lorenza,Gibbeon,Lorenza.Gibbeon@yopmail.com,12
Ricky,Levey,Ricky.Levey@yopmail.com,25
Celene,Azeria,Celene.Azeria@yopmail.com,44
Marnia,Buffum,Marnia.Buffum@yopmail.com,96
Rosaline,Kauppi,Rosaline.Kauppi@yopmail.com,90
Estell,Jalbert,Estell.Jalbert@yopmail.com,46
Luci,Adore,Luci.Adore@yopmail.com,139
Anallese,Garrison,Anallese.Garrison@yopmail.com,16
Judy,Rooney,Judy.Rooney@yopmail.com,108
Alejandra,Maribeth,Alejandra.Maribeth@yopmail.com,94
Henriette,Lamoree,Henriette.Lamoree@yopmail.com,68
Brietta,Alwin,Brietta.Alwin@yopmail.com,31
Minda,Ralfston,Minda.Ralfston@yopmail.com,117
Linet,Ricarda,Linet.Ricarda@yopmail.com,85
Joy,Philipp,Joy.Philipp@yopmail.com,121
Barbi,Hull,Barbi.Hull@yopmail.com,7
Therine,Erb,Therine.Erb@yopmail.com,51
Cassondra,Noam,Cassondra.Noam@yopmail.com,117
Renae,Slifka,Renae.Slifka@yopmail.com,44
Darci,Harned,Darci.Harned@yopmail.com,20
Jacquetta,Talia,Jacquetta.Talia@yopmail.com,111
Jaime,Loring,Jaime.Loring@yopmail.com,5
Charlena,McNully,Charlena.McNully@yopmail.com,50
Maye,Merriott,Maye.Merriott@yopmail.com,8
Karlee,Vittoria,Karlee.Vittoria@yopmail.com,3
Lorenza,Odell,Lorenza.Odell@yopmail.com,111
Caressa,Pond,Caressa.Pond@yopmail.com,44
Bobbi,Natica,Bobbi.Natica@yopmail.com,121
Mignon,Odell,Mignon.Odell@yopmail.com,89
Oona,Wiener,Oona.Wiener@yopmail.com,100
Renie,Jobi,Renie.Jobi@yopmail.com,57
Millie,Montgomery,Millie.Montgomery@yopmail.com,132
Gisela,Buttaro,Gisela.Buttaro@yopmail.com,67
Nickie,Eiser,Nickie.Eiser@yopmail.com,41
Nannie,Emanuel,Nannie.Emanuel@yopmail.com,58
Emelina,Kiyoshi,Emelina.Kiyoshi@yopmail.com,71
Nikki,Zuzana,Nikki.Zuzana@yopmail.com,100
Fayre,Myrilla,Fayre.Myrilla@yopmail.com,54
Miquela,Ramona,Miquela.Ramona@yopmail.com,43
Peri,Kermit,Peri.Kermit@yopmail.com,85
Valera,Corilla,Valera.Corilla@yopmail.com,112
Libbie,Eckblad,Libbie.Eckblad@yopmail.com,39
Jenilee,Scammon,Jenilee.Scammon@yopmail.com,137
Lucy,Salchunas,Lucy.Salchunas@yopmail.com,87
Glynnis,Joeann,Glynnis.Joeann@yopmail.com,84
Patricia,Alabaster,Patricia.Alabaster@yopmail.com,14
Laurene,Maryanne,Laurene.Maryanne@yopmail.com,61
Ofilia,An,Ofilia.An@yopmail.com,7
Ilse,Karna,Ilse.Karna@yopmail.com,49
Keelia,Millda,Keelia.Millda@yopmail.com,50
Hildegaard,Birdella,Hildegaard.Birdella@yopmail.com,13
Therine,Bakerman,Therine.Bakerman@yopmail.com,37
Vonny,Damarra,Vonny.Damarra@yopmail.com,106
Charmaine,Andrel,Charmaine.Andrel@yopmail.com,3
Dacia,Lacombe,Dacia.Lacombe@yopmail.com,12
Consuela,Marijo,Consuela.Marijo@yopmail.com,6
Arabel,Astra,Arabel.Astra@yopmail.com,2
Marsiella,Dreda,Marsiella.Dreda@yopmail.com,5
Odessa,Engdahl,Odessa.Engdahl@yopmail.com,88
Etta,Sharl,Etta.Sharl@yopmail.com,48
Tracey,Tremayne,Tracey.Tremayne@yopmail.com,11
Pamella,Goth,Pamella.Goth@yopmail.com,118
Charissa,Margret,Charissa.Margret@yopmail.com,132
Cyb,Liebermann,Cyb.Liebermann@yopmail.com,105
Desirae,Ethban,Desirae.Ethban@yopmail.com,133
Caryl,Angelis,Caryl.Angelis@yopmail.com,9
Concettina,Amasa,Concettina.Amasa@yopmail.com,108
Lita,Peg,Lita.Peg@yopmail.com,119
Jemie,Jethro,Jemie.Jethro@yopmail.com,64
Odessa,Lacombe,Odessa.Lacombe@yopmail.com,123
Zaria,Westphal,Zaria.Westphal@yopmail.com,56
Verla,Khorma,Verla.Khorma@yopmail.com,112
Elora,Simmonds,Elora.Simmonds@yopmail.com,110
Fawne,Christal,Fawne.Christal@yopmail.com,86
Dale,Sammons,Dale.Sammons@yopmail.com,77
Sonni,Rosemary,Sonni.Rosemary@yopmail.com,91
Lanna,Susannah,Lanna.Susannah@yopmail.com,95
Rayna,Cordi,Rayna.Cordi@yopmail.com,108
Micheline,Shirberg,Micheline.Shirberg@yopmail.com,82
Aryn,Hunfredo,Aryn.Hunfredo@yopmail.com,18
Philis,Lutero,Philis.Lutero@yopmail.com,136
Maurene,Wolfgram,Maurene.Wolfgram@yopmail.com,84
Genevra,Durante,Genevra.Durante@yopmail.com,121
Rosabelle,Delp,Rosabelle.Delp@yopmail.com,3
Tybie,Astra,Tybie.Astra@yopmail.com,67
Paulita,Margret,Paulita.Margret@yopmail.com,126
Nariko,Jena,Nariko.Jena@yopmail.com,137
Robinia,Ellerey,Robinia.Ellerey@yopmail.com,128
Tracey,Gualtiero,Tracey.Gualtiero@yopmail.com,95
Violet,Egbert,Violet.Egbert@yopmail.com,83
Lilith,Boehike,Lilith.Boehike@yopmail.com,19
Diena,Dituri,Diena.Dituri@yopmail.com,140
Jenilee,Martsen,Jenilee.Martsen@yopmail.com,11
Therine,Joli,Therine.Joli@yopmail.com,6
Maridel,Sholley,Maridel.Sholley@yopmail.com,58
Nerta,Regan,Nerta.Regan@yopmail.com,95
Ellette,Melan,Ellette.Melan@yopmail.com,9
Lyssa,Hillel,Lyssa.Hillel@yopmail.com,8
Donnie,Drisko,Donnie.Drisko@yopmail.com,123
Philis,Colbert,Philis.Colbert@yopmail.com,129
Marsiella,Olnee,Marsiella.Olnee@yopmail.com,46
Mildrid,Pattin,Mildrid.Pattin@yopmail.com,33
Marinna,Allina,Marinna.Allina@yopmail.com,74
Silvana,Weinreb,Silvana.Weinreb@yopmail.com,129
Beatriz,Hieronymus,Beatriz.Hieronymus@yopmail.com,21
Raquela,Evangelia,Raquela.Evangelia@yopmail.com,110
Sam,Bryna,Sam.Bryna@yopmail.com,110
Nadine,Aloise,Nadine.Aloise@yopmail.com,33
Jan,Saunderson,Jan.Saunderson@yopmail.com,85
Jany,Agle,Jany.Agle@yopmail.com,44
Sarette,Ashely,Sarette.Ashely@yopmail.com,43
Gui,Roche,Gui.Roche@yopmail.com,60
Demetris,Atcliffe,Demetris.Atcliffe@yopmail.com,17
Roz,Shuler,Roz.Shuler@yopmail.com,75
Ofilia,Vittoria,Ofilia.Vittoria@yopmail.com,125
Magdalena,Infield,Magdalena.Infield@yopmail.com,80
Edith,Iaverne,Edith.Iaverne@yopmail.com,86
Jean,Thilda,Jean.Thilda@yopmail.com,58
Atlanta,Bryna,Atlanta.Bryna@yopmail.com,15
Maud,Mitzi,Maud.Mitzi@yopmail.com,43
Louella,Hanshaw,Louella.Hanshaw@yopmail.com,97
Britte,Othilia,Britte.Othilia@yopmail.com,68
Lusa,Carlson,Lusa.Carlson@yopmail.com,26
Daphne,Ball,Daphne.Ball@yopmail.com,95
Mariann,Hutchison,Mariann.Hutchison@yopmail.com,140
Dagmar,Hailee,Dagmar.Hailee@yopmail.com,48
Nikki,Shaddock,Nikki.Shaddock@yopmail.com,74
Nataline,Ilka,Nataline.Ilka@yopmail.com,123
Cyb,Rodmann,Cyb.Rodmann@yopmail.com,47
Bertine,Chobot,Bertine.Chobot@yopmail.com,2
Linzy,Goddard,Linzy.Goddard@yopmail.com,112
Andeee,Charity,Andeee.Charity@yopmail.com,68
Julieta,Hoban,Julieta.Hoban@yopmail.com,122
Cacilie,Berriman,Cacilie.Berriman@yopmail.com,88
Hettie,Prouty,Hettie.Prouty@yopmail.com,88
Katharina,Wilona,Katharina.Wilona@yopmail.com,101
Mady,Henebry,Mady.Henebry@yopmail.com,60
Nannie,MacIntosh,Nannie.MacIntosh@yopmail.com,118
Kerrin,Brieta,Kerrin.Brieta@yopmail.com,7
Lyssa,Azeria,Lyssa.Azeria@yopmail.com,24
Carree,Lymann,Carree.Lymann@yopmail.com,93
Flo,Tannie,Flo.Tannie@yopmail.com,98
Chandra,Rona,Chandra.Rona@yopmail.com,94
Mady,Lunsford,Mady.Lunsford@yopmail.com,111
Renie,Chabot,Renie.Chabot@yopmail.com,21
Marsiella,Ambrosia,Marsiella.Ambrosia@yopmail.com,125
Janey,Aldric,Janey.Aldric@yopmail.com,138
Belva,Baudin,Belva.Baudin@yopmail.com,85
Gilda,Tacye,Gilda.Tacye@yopmail.com,57
Shandie,Rogerio,Shandie.Rogerio@yopmail.com,128
Bobbi,Codding,Bobbi.Codding@yopmail.com,40
Robbi,Casimir,Robbi.Casimir@yopmail.com,136
Gratia,Trinetta,Gratia.Trinetta@yopmail.com,4
Ketti,Pillsbury,Ketti.Pillsbury@yopmail.com,112
Brietta,Maxi,Brietta.Maxi@yopmail.com,20
Corina,Pillsbury,Corina.Pillsbury@yopmail.com,37
Wanda,Gaulin,Wanda.Gaulin@yopmail.com,3
Ruthe,Vacuva,Ruthe.Vacuva@yopmail.com,47
Charissa,Cloris,Charissa.Cloris@yopmail.com,78
Tani,Helve,Tani.Helve@yopmail.com,137
Mureil,Harl,Mureil.Harl@yopmail.com,67
Maurene,Anton,Maurene.Anton@yopmail.com,34
Carmencita,Elvyn,Carmencita.Elvyn@yopmail.com,79
Lynde,Mata,Lynde.Mata@yopmail.com,98
Patricia,Alarise,Patricia.Alarise@yopmail.com,47
Cathie,Longfellow,Cathie.Longfellow@yopmail.com,12
Bee,Juan,Bee.Juan@yopmail.com,47
Allyce,Joseph,Allyce.Joseph@yopmail.com,22
Leeanne,Shields,Leeanne.Shields@yopmail.com,132
Lucy,Isidore,Lucy.Isidore@yopmail.com,117
Ulrike,Cressida,Ulrike.Cressida@yopmail.com,88
Shell,Sperling,Shell.Sperling@yopmail.com,136
Cristabel,Westphal,Cristabel.Westphal@yopmail.com,9
Cristabel,Armanda,Cristabel.Armanda@yopmail.com,3
Charmaine,Bigner,Charmaine.Bigner@yopmail.com,95
Wileen,Denis,Wileen.Denis@yopmail.com,58
Nita,Swigart,Nita.Swigart@yopmail.com,116
Courtnay,O'Neill,Courtnay.O'Neill@yopmail.com,136
Kellen,Mauer,Kellen.Mauer@yopmail.com,118
Alexine,Juliet,Alexine.Juliet@yopmail.com,77
Marguerite,Markman,Marguerite.Markman@yopmail.com,138
Caryl,Saree,Caryl.Saree@yopmail.com,44
Gaylene,Ochs,Gaylene.Ochs@yopmail.com,135
Delilah,Seagraves,Delilah.Seagraves@yopmail.com,91
Aryn,Gregrory,Aryn.Gregrory@yopmail.com,26
Cam,Kravits,Cam.Kravits@yopmail.com,102
Jemie,McGrody,Jemie.McGrody@yopmail.com,16
Tybie,Norvol,Tybie.Norvol@yopmail.com,81
Brietta,Thunell,Brietta.Thunell@yopmail.com,138
Beverley,Sisile,Beverley.Sisile@yopmail.com,73
Annice,Wesle,Annice.Wesle@yopmail.com,86
Henriette,Cottle,Henriette.Cottle@yopmail.com,109
Annaliese,Blake,Annaliese.Blake@yopmail.com,100
Agnese,Allina,Agnese.Allina@yopmail.com,39
Alie,Mendez,Alie.Mendez@yopmail.com,76
Patricia,Gert,Patricia.Gert@yopmail.com,83
Ekaterina,Blase,Ekaterina.Blase@yopmail.com,113
Bertine,Zamora,Bertine.Zamora@yopmail.com,51
Ekaterina,Vins,Ekaterina.Vins@yopmail.com,65
Frieda,Loeb,Frieda.Loeb@yopmail.com,94
Courtnay,Anton,Courtnay.Anton@yopmail.com,131
Genovera,Regan,Genovera.Regan@yopmail.com,49
Darlleen,Palocz,Darlleen.Palocz@yopmail.com,36
Shaylyn,Halsey,Shaylyn.Halsey@yopmail.com,117
Annecorinne,Wittie,Annecorinne.Wittie@yopmail.com,123
Linzy,Ludewig,Linzy.Ludewig@yopmail.com,134
Gabi,Boycey,Gabi.Boycey@yopmail.com,113
Neila,Gualtiero,Neila.Gualtiero@yopmail.com,122
Caryl,Gunn,Caryl.Gunn@yopmail.com,45
Adelle,Brackely,Adelle.Brackely@yopmail.com,58
Teddie,Hortensia,Teddie.Hortensia@yopmail.com,32
Binny,Rona,Binny.Rona@yopmail.com,90
Charissa,Grimbly,Charissa.Grimbly@yopmail.com,45
Dale,Sherfield,Dale.Sherfield@yopmail.com,22
Layla,Michella,Layla.Michella@yopmail.com,3
Annice,Ogren,Annice.Ogren@yopmail.com,21
Aurelie,Sammons,Aurelie.Sammons@yopmail.com,92
Cecile,Ashely,Cecile.Ashely@yopmail.com,98
Jolyn,Millda,Jolyn.Millda@yopmail.com,111
Rivalee,Orpah,Rivalee.Orpah@yopmail.com,91
Jaclyn,Bluh,Jaclyn.Bluh@yopmail.com,130
Delilah,Felecia,Delilah.Felecia@yopmail.com,98
Dode,Mathilde,Dode.Mathilde@yopmail.com,23
Paola,Gaulin,Paola.Gaulin@yopmail.com,117
Addia,Brackely,Addia.Brackely@yopmail.com,20
Nicoli,Aurelio,Nicoli.Aurelio@yopmail.com,46
Nataline,Marijo,Nataline.Marijo@yopmail.com,83
Patricia,Seumas,Patricia.Seumas@yopmail.com,25
Catharine,Bollay,Catharine.Bollay@yopmail.com,59
Corly,Philipp,Corly.Philipp@yopmail.com,81
Sybille,Fink,Sybille.Fink@yopmail.com,17
Daphne,Kirstin,Daphne.Kirstin@yopmail.com,55
Sue,Kare,Sue.Kare@yopmail.com,67
Lolita,Firmin,Lolita.Firmin@yopmail.com,30
Benita,Sparhawk,Benita.Sparhawk@yopmail.com,59
Valeda,Dorothy,Valeda.Dorothy@yopmail.com,58
Glenda,Tengdin,Glenda.Tengdin@yopmail.com,140
Moyna,Codding,Moyna.Codding@yopmail.com,33
Dale,Miru,Dale.Miru@yopmail.com,131
Tarra,Bari,Tarra.Bari@yopmail.com,52
Miquela,Joeann,Miquela.Joeann@yopmail.com,89
Estell,Joseph,Estell.Joseph@yopmail.com,4
Rosene,Iiette,Rosene.Iiette@yopmail.com,110
Kate,McGrody,Kate.McGrody@yopmail.com,60
Clementine,Chandler,Clementine.Chandler@yopmail.com,136
Gisela,Muriel,Gisela.Muriel@yopmail.com,46
Yetty,Tiffa,Yetty.Tiffa@yopmail.com,133
Talya,Belanger,Talya.Belanger@yopmail.com,37
Flo,Mallon,Flo.Mallon@yopmail.com,49
Arabel,Nicoline,Arabel.Nicoline@yopmail.com,24
Perry,Kronfeld,Perry.Kronfeld@yopmail.com,33
Adelle,Constancy,Adelle.Constancy@yopmail.com,47
Constance,Publia,Constance.Publia@yopmail.com,90
Robbi,Fiann,Robbi.Fiann@yopmail.com,84
Annecorinne,Fairweather,Annecorinne.Fairweather@yopmail.com,86
Celestyna,Kinnard,Celestyna.Kinnard@yopmail.com,81
Lanae,Gower,Lanae.Gower@yopmail.com,117
Caressa,Primalia,Caressa.Primalia@yopmail.com,136
Lorenza,Cottle,Lorenza.Cottle@yopmail.com,84
Dolli,Ardra,Dolli.Ardra@yopmail.com,44
Jaclyn,Old,Jaclyn.Old@yopmail.com,112
Lanna,Nerita,Lanna.Nerita@yopmail.com,86
Philis,Rubie,Philis.Rubie@yopmail.com,62
Esmeralda,Hunfredo,Esmeralda.Hunfredo@yopmail.com,61
Cecile,Hourigan,Cecile.Hourigan@yopmail.com,75
Ursulina,Lauraine,Ursulina.Lauraine@yopmail.com,81
Chickie,Celestine,Chickie.Celestine@yopmail.com,58
Suzette,Sikorski,Suzette.Sikorski@yopmail.com,64
Clo,Radu,Clo.Radu@yopmail.com,131
Darlleen,Mathilde,Darlleen.Mathilde@yopmail.com,6
Lynnea,Gibbeon,Lynnea.Gibbeon@yopmail.com,58
Sissy,Santoro,Sissy.Santoro@yopmail.com,135
Elfreda,Fink,Elfreda.Fink@yopmail.com,66
Latisha,Edvard,Latisha.Edvard@yopmail.com,39
Celestyna,Artie,Celestyna.Artie@yopmail.com,6
Libbie,Payson,Libbie.Payson@yopmail.com,56
Quintina,Niccolo,Quintina.Niccolo@yopmail.com,62
Petronia,Ioab,Petronia.Ioab@yopmail.com,120
Giustina,Reneta,Giustina.Reneta@yopmail.com,133
Larine,Ortrude,Larine.Ortrude@yopmail.com,16
Nessie,Durante,Nessie.Durante@yopmail.com,116
Brynna,Marlie,Brynna.Marlie@yopmail.com,72
Cassondra,Vittoria,Cassondra.Vittoria@yopmail.com,37
Jasmina,Hillel,Jasmina.Hillel@yopmail.com,46
Madelle,Koziara,Madelle.Koziara@yopmail.com,76
Chastity,Estella,Chastity.Estella@yopmail.com,2
Shaine,Ezar,Shaine.Ezar@yopmail.com,75
Brandise,Shirberg,Brandise.Shirberg@yopmail.com,136
Elvira,Alisia,Elvira.Alisia@yopmail.com,1
Ardys,Odysseus,Ardys.Odysseus@yopmail.com,7
Justinn,Radu,Justinn.Radu@yopmail.com,95
Rivalee,Cavan,Rivalee.Cavan@yopmail.com,62
Etta,Alwin,Etta.Alwin@yopmail.com,67
Gretal,Adrienne,Gretal.Adrienne@yopmail.com,12
Jolyn,Lareena,Jolyn.Lareena@yopmail.com,16
Therine,Lilas,Therine.Lilas@yopmail.com,117
Pierette,Kinnard,Pierette.Kinnard@yopmail.com,6
Harrietta,Craggie,Harrietta.Craggie@yopmail.com,61
Alie,Bouchard,Alie.Bouchard@yopmail.com,122
Fawne,Mauer,Fawne.Mauer@yopmail.com,72
Hyacinthe,Laurianne,Hyacinthe.Laurianne@yopmail.com,20
Dawn,Schalles,Dawn.Schalles@yopmail.com,98
Olivette,McLaughlin,Olivette.McLaughlin@yopmail.com,113
Evita,Winthorpe,Evita.Winthorpe@yopmail.com,82
Jessy,Darian,Jessy.Darian@yopmail.com,72
Joy,Tomasina,Joy.Tomasina@yopmail.com,130
Charissa,Susannah,Charissa.Susannah@yopmail.com,136
Cyb,Herrera,Cyb.Herrera@yopmail.com,134
Amii,Vilma,Amii.Vilma@yopmail.com,58
Kimmy,Greenwald,Kimmy.Greenwald@yopmail.com,33
Anica,Rustice,Anica.Rustice@yopmail.com,55
Daune,Georas,Daune.Georas@yopmail.com,57
Layla,Ledah,Layla.Ledah@yopmail.com,100
Marita,Cookie,Marita.Cookie@yopmail.com,95
Sherrie,Bebe,Sherrie.Bebe@yopmail.com,107
Edee,Japeth,Edee.Japeth@yopmail.com,51
Ricky,Simmonds,Ricky.Simmonds@yopmail.com,13
Ida,Means,Ida.Means@yopmail.com,128
Julieta,Guildroy,Julieta.Guildroy@yopmail.com,96
Diena,Joli,Diena.Joli@yopmail.com,134
Ebonee,Arley,Ebonee.Arley@yopmail.com,12
Farrah,Thomasina,Farrah.Thomasina@yopmail.com,130
Heida,Lymann,Heida.Lymann@yopmail.com,35
Etta,Juliet,Etta.Juliet@yopmail.com,50
Teriann,Emmy,Teriann.Emmy@yopmail.com,104
Beverley,Berne,Beverley.Berne@yopmail.com,43
Pamella,Ethban,Pamella.Ethban@yopmail.com,13
Kore,Imelida,Kore.Imelida@yopmail.com,9
Hollie,Malanie,Hollie.Malanie@yopmail.com,104
Phylis,Iphlgenia,Phylis.Iphlgenia@yopmail.com,85
Dacia,Posner,Dacia.Posner@yopmail.com,19
Rosaline,Allina,Rosaline.Allina@yopmail.com,76
Yetty,Maryanne,Yetty.Maryanne@yopmail.com,11
Ayn,Alisia,Ayn.Alisia@yopmail.com,32
Zia,Ashok,Zia.Ashok@yopmail.com,14
Merrie,Corilla,Merrie.Corilla@yopmail.com,61
Ulrike,Mallon,Ulrike.Mallon@yopmail.com,74
Anallese,Seligman,Anallese.Seligman@yopmail.com,139
Nollie,Bethany,Nollie.Bethany@yopmail.com,3
Genovera,Morrill,Genovera.Morrill@yopmail.com,30
Emmey,Bonilla,Emmey.Bonilla@yopmail.com,131
Merry,Etom,Merry.Etom@yopmail.com,50
Nananne,Dyche,Nananne.Dyche@yopmail.com,71
Elfreda,Lucienne,Elfreda.Lucienne@yopmail.com,9
Shandie,Ledah,Shandie.Ledah@yopmail.com,6
Donnie,Pacorro,Donnie.Pacorro@yopmail.com,115
Arabel,Katrine,Arabel.Katrine@yopmail.com,129
Ermengarde,Krystle,Ermengarde.Krystle@yopmail.com,5
Barbi,Cookie,Barbi.Cookie@yopmail.com,35
Orelia,Leary,Orelia.Leary@yopmail.com,116
Aimil,Mott,Aimil.Mott@yopmail.com,59
Elsie,Andrel,Elsie.Andrel@yopmail.com,131
Shauna,Iaverne,Shauna.Iaverne@yopmail.com,45
Linzy,Edvard,Linzy.Edvard@yopmail.com,45
Jolyn,Bahr,Jolyn.Bahr@yopmail.com,109
Lilith,Liva,Lilith.Liva@yopmail.com,90
Karlee,Philipp,Karlee.Philipp@yopmail.com,88
Sandie,Ardra,Sandie.Ardra@yopmail.com,5
Heida,Henebry,Heida.Henebry@yopmail.com,94
Gusella,Eugenia,Gusella.Eugenia@yopmail.com,45
Kimmy,Grobe,Kimmy.Grobe@yopmail.com,123
Nerta,Melan,Nerta.Melan@yopmail.com,50
Annecorinne,Natalia,Annecorinne.Natalia@yopmail.com,66
Gaylene,Llovera,Gaylene.Llovera@yopmail.com,53
Danny,Lutero,Danny.Lutero@yopmail.com,119
Bobbi,Peonir,Bobbi.Peonir@yopmail.com,119
Jinny,Wilona,Jinny.Wilona@yopmail.com,53
Mignon,Baylor,Mignon.Baylor@yopmail.com,1
Harrietta,Campball,Harrietta.Campball@yopmail.com,71
Jemie,Ciapas,Jemie.Ciapas@yopmail.com,16
Teriann,Elephus,Teriann.Elephus@yopmail.com,96
Estell,Hermes,Estell.Hermes@yopmail.com,12
Elmira,Westphal,Elmira.Westphal@yopmail.com,59
Jany,Timon,Jany.Timon@yopmail.com,51
Sissy,Baudin,Sissy.Baudin@yopmail.com,118
Nyssa,Gombach,Nyssa.Gombach@yopmail.com,34
Tamqrah,Luhe,Tamqrah.Luhe@yopmail.com,61
Zaria,Serilda,Zaria.Serilda@yopmail.com,53
Phedra,Sancho,Phedra.Sancho@yopmail.com,27
Stephanie,Peonir,Stephanie.Peonir@yopmail.com,88
Nataline,Corabella,Nataline.Corabella@yopmail.com,43
Rhea,Nikaniki,Rhea.Nikaniki@yopmail.com,33
Fayre,Whiffen,Fayre.Whiffen@yopmail.com,31
Lonnie,Greyson,Lonnie.Greyson@yopmail.com,21
Elbertina,Carri,Elbertina.Carri@yopmail.com,33
Lorne,Delp,Lorne.Delp@yopmail.com,134
Magdalena,Mullane,Magdalena.Mullane@yopmail.com,35
Romona,Tamsky,Romona.Tamsky@yopmail.com,104
Clo,Maroney,Clo.Maroney@yopmail.com,76
Marita,Blake,Marita.Blake@yopmail.com,110
Kristina,Berard,Kristina.Berard@yopmail.com,137
Annecorinne,Vilma,Annecorinne.Vilma@yopmail.com,10
Jacquetta,Mintz,Jacquetta.Mintz@yopmail.com,61
Flory,Gordon,Flory.Gordon@yopmail.com,45
Carlie,Couture,Carlie.Couture@yopmail.com,74
Vinita,Gladstone,Vinita.Gladstone@yopmail.com,131
Stacey,Maurine,Stacey.Maurine@yopmail.com,62
Zia,Aldric,Zia.Aldric@yopmail.com,99
Elena,Podvin,Elena.Podvin@yopmail.com,34
Glenda,Bendick,Glenda.Bendick@yopmail.com,95
Dulce,Kiersten,Dulce.Kiersten@yopmail.com,1
Gloria,Lynn,Gloria.Lynn@yopmail.com,8
Gwenneth,Gower,Gwenneth.Gower@yopmail.com,85
Tabbatha,Woodberry,Tabbatha.Woodberry@yopmail.com,9
Rosaline,Pacorro,Rosaline.Pacorro@yopmail.com,45
Rori,Sasnett,Rori.Sasnett@yopmail.com,53
Tera,Elsinore,Tera.Elsinore@yopmail.com,52
Loree,Liebermann,Loree.Liebermann@yopmail.com,7
Rochette,Edee,Rochette.Edee@yopmail.com,20
Kayla,Therine,Kayla.Therine@yopmail.com,88
Rubie,Winthorpe,Rubie.Winthorpe@yopmail.com,28
Christy,Celestine,Christy.Celestine@yopmail.com,37
Mary,Selway,Mary.Selway@yopmail.com,107
Ezmeralda,Destinee,Ezmeralda.Destinee@yopmail.com,85
Aryn,Alexandr,Aryn.Alexandr@yopmail.com,72
Charmaine,Kat,Charmaine.Kat@yopmail.com,115
Kellen,Jehu,Kellen.Jehu@yopmail.com,8
Valera,Adlare,Valera.Adlare@yopmail.com,73
Katuscha,Prober,Katuscha.Prober@yopmail.com,55
Deedee,Grobe,Deedee.Grobe@yopmail.com,100
Gisela,Bibi,Gisela.Bibi@yopmail.com,96
Keelia,Cookie,Keelia.Cookie@yopmail.com,103
Andeee,Pacorro,Andeee.Pacorro@yopmail.com,80
Nessie,Colbert,Nessie.Colbert@yopmail.com,40
Jan,Prober,Jan.Prober@yopmail.com,24
Dulce,Paine,Dulce.Paine@yopmail.com,71
Luci,Alwin,Luci.Alwin@yopmail.com,33
Layla,Sancho,Layla.Sancho@yopmail.com,34
Bobbi,Emanuel,Bobbi.Emanuel@yopmail.com,39
Sidoney,Selway,Sidoney.Selway@yopmail.com,6
Meriel,Zaslow,Meriel.Zaslow@yopmail.com,102
Meghann,Shuler,Meghann.Shuler@yopmail.com,58
Joelly,Wenda,Joelly.Wenda@yopmail.com,132
Ursulina,Fink,Ursulina.Fink@yopmail.com,73
Corina,Bakerman,Corina.Bakerman@yopmail.com,102
Nannie,Erskine,Nannie.Erskine@yopmail.com,26
Beverley,Norvol,Beverley.Norvol@yopmail.com,128
Teriann,Palocz,Teriann.Palocz@yopmail.com,103
Hope,Middleton,Hope.Middleton@yopmail.com,20
Georgetta,Verger,Georgetta.Verger@yopmail.com,47
Lusa,Shaver,Lusa.Shaver@yopmail.com,11
Natka,Andrel,Natka.Andrel@yopmail.com,8
Rivalee,Marcellus,Rivalee.Marcellus@yopmail.com,1
Sherrie,Garbe,Sherrie.Garbe@yopmail.com,87
Kaja,Gualtiero,Kaja.Gualtiero@yopmail.com,98
Lilith,Etom,Lilith.Etom@yopmail.com,45
Gratia,Glovsky,Gratia.Glovsky@yopmail.com,112
Shauna,Brian,Shauna.Brian@yopmail.com,56
Meg,Fairweather,Meg.Fairweather@yopmail.com,34
Agnese,Ralfston,Agnese.Ralfston@yopmail.com,10
Karolina,Arne,Karolina.Arne@yopmail.com,21
Blinni,Kannry,Blinni.Kannry@yopmail.com,135
Lorie,Even,Lorie.Even@yopmail.com,83
Goldie,Salchunas,Goldie.Salchunas@yopmail.com,125
Joeann,Anyah,Joeann.Anyah@yopmail.com,40
Ilse,Belldas,Ilse.Belldas@yopmail.com,13
Karena,Chobot,Karena.Chobot@yopmail.com,137
Gilligan,Maxi,Gilligan.Maxi@yopmail.com,85
Leia,Bultman,Leia.Bultman@yopmail.com,116
Sean,Sacken,Sean.Sacken@yopmail.com,57
Trudie,Tice,Trudie.Tice@yopmail.com,86
Rosaline,Chrystel,Rosaline.Chrystel@yopmail.com,39
Eve,Sigfrid,Eve.Sigfrid@yopmail.com,134
Heida,Zina,Heida.Zina@yopmail.com,32
Ashlee,Mauer,Ashlee.Mauer@yopmail.com,14
Elbertina,Cath,Elbertina.Cath@yopmail.com,132
Bernardine,Bertold,Bernardine.Bertold@yopmail.com,63
Gianina,Turne,Gianina.Turne@yopmail.com,88
Joelly,Libna,Joelly.Libna@yopmail.com,5
Bernie,Hunfredo,Bernie.Hunfredo@yopmail.com,39
Jessamyn,Sprage,Jessamyn.Sprage@yopmail.com,80
Olivette,Eiser,Olivette.Eiser@yopmail.com,123
Kenna,Arathorn,Kenna.Arathorn@yopmail.com,86
Bernie,Breed,Bernie.Breed@yopmail.com,78
Sandie,Brunell,Sandie.Brunell@yopmail.com,103
Orelia,Swigart,Orelia.Swigart@yopmail.com,115
Chickie,Nahum,Chickie.Nahum@yopmail.com,34
Tierney,Braun,Tierney.Braun@yopmail.com,69
Brana,Primalia,Brana.Primalia@yopmail.com,7
Ida,Brandice,Ida.Brandice@yopmail.com,124
Margette,Mendez,Margette.Mendez@yopmail.com,104
Alexine,Adrienne,Alexine.Adrienne@yopmail.com,22
Rozele,Devlen,Rozele.Devlen@yopmail.com,53
Veda,Bakerman,Veda.Bakerman@yopmail.com,9
Agathe,Loeb,Agathe.Loeb@yopmail.com,47
Janey,Dannye,Janey.Dannye@yopmail.com,137
Lulita,Amadas,Lulita.Amadas@yopmail.com,16
Beverley,Chandler,Beverley.Chandler@yopmail.com,79
Fanchon,Johanna,Fanchon.Johanna@yopmail.com,118
Marinna,Monaco,Marinna.Monaco@yopmail.com,139
Cherrita,Dorine,Cherrita.Dorine@yopmail.com,36
Elfreda,Muriel,Elfreda.Muriel@yopmail.com,131
Gratia,Gunn,Gratia.Gunn@yopmail.com,41
Kathi,Naor,Kathi.Naor@yopmail.com,125
Ada,Firmin,Ada.Firmin@yopmail.com,55
Shandie,Demitria,Shandie.Demitria@yopmail.com,11
Mariann,Graig,Mariann.Graig@yopmail.com,139
Annaliese,Buffum,Annaliese.Buffum@yopmail.com,81
Sarette,Hachmin,Sarette.Hachmin@yopmail.com,62
Fanchon,Madox,Fanchon.Madox@yopmail.com,111
Dorothy,Yoko,Dorothy.Yoko@yopmail.com,62
Wileen,Gombach,Wileen.Gombach@yopmail.com,45
Ericka,Laverne,Ericka.Laverne@yopmail.com,48
Cecile,Blake,Cecile.Blake@yopmail.com,41
Blinni,Salchunas,Blinni.Salchunas@yopmail.com,39
Jasmina,Leler,Jasmina.Leler@yopmail.com,111
Asia,Drus,Asia.Drus@yopmail.com,122
Eve,Bertold,Eve.Bertold@yopmail.com,44
Annaliese,Huggins,Annaliese.Huggins@yopmail.com,122
Tori,Euridice,Tori.Euridice@yopmail.com,74
Raquela,Podvin,Raquela.Podvin@yopmail.com,109
Bertine,Shanley,Bertine.Shanley@yopmail.com,19
Elise,Berl,Elise.Berl@yopmail.com,106
Rosene,Dahlia,Rosene.Dahlia@yopmail.com,1
Georgetta,Annabella,Georgetta.Annabella@yopmail.com,29
Marnia,Randene,Marnia.Randene@yopmail.com,57
Dania,Nance,Dania.Nance@yopmail.com,50
Annaliese,Hashim,Annaliese.Hashim@yopmail.com,85
Vinita,Agle,Vinita.Agle@yopmail.com,79
Allyce,Joachim,Allyce.Joachim@yopmail.com,65
Quintina,Lea,Quintina.Lea@yopmail.com,98
Asia,Judye,Asia.Judye@yopmail.com,111
Emelina,Stacy,Emelina.Stacy@yopmail.com,125
Lynde,Ogren,Lynde.Ogren@yopmail.com,95
Molli,Niccolo,Molli.Niccolo@yopmail.com,101
Marsiella,Si,Marsiella.Si@yopmail.com,14
Corly,Herrera,Corly.Herrera@yopmail.com,138
Roslyn,Sharl,Roslyn.Sharl@yopmail.com,55
Danika,Hartnett,Danika.Hartnett@yopmail.com,50
Rochette,Nicoline,Rochette.Nicoline@yopmail.com,129
Cordi,Old,Cordi.Old@yopmail.com,111
Odessa,Velick,Odessa.Velick@yopmail.com,8
Elyssa,Afton,Elyssa.Afton@yopmail.com,99
Hope,Jorgan,Hope.Jorgan@yopmail.com,138
Chastity,Dalli,Chastity.Dalli@yopmail.com,7
Olivette,Imelida,Olivette.Imelida@yopmail.com,82
Hallie,Evangelia,Hallie.Evangelia@yopmail.com,102
Althea,Timon,Althea.Timon@yopmail.com,88
Lilith,Leonard,Lilith.Leonard@yopmail.com,20
Wilma,Marcellus,Wilma.Marcellus@yopmail.com,83
Madelle,Tyson,Madelle.Tyson@yopmail.com,39
Lyssa,Even,Lyssa.Even@yopmail.com,40
Ericka,Halla,Ericka.Halla@yopmail.com,67
June,Bronk,June.Bronk@yopmail.com,92
Tabbatha,Durante,Tabbatha.Durante@yopmail.com,70
Quintina,Sheng,Quintina.Sheng@yopmail.com,130
Neila,Boehike,Neila.Boehike@yopmail.com,57
Zondra,Kolnick,Zondra.Kolnick@yopmail.com,25
Ketti,Tufts,Ketti.Tufts@yopmail.com,113
Gavrielle,Tjon,Gavrielle.Tjon@yopmail.com,89
Jerry,Nadia,Jerry.Nadia@yopmail.com,104
Mildrid,Amethist,Mildrid.Amethist@yopmail.com,50
Joleen,Federica,Joleen.Federica@yopmail.com,114
Fawne,Hunfredo,Fawne.Hunfredo@yopmail.com,84
Daune,Lymann,Daune.Lymann@yopmail.com,68
Florencia,Susannah,Florencia.Susannah@yopmail.com,22
Kittie,Annice,Kittie.Annice@yopmail.com,34
Atlanta,McAdams,Atlanta.McAdams@yopmail.com,22
Shell,Jagir,Shell.Jagir@yopmail.com,101
Cathie,Jorgan,Cathie.Jorgan@yopmail.com,122
Hope,Talia,Hope.Talia@yopmail.com,15
Nyssa,Nicoline,Nyssa.Nicoline@yopmail.com,123
Cecile,Anselmi,Cecile.Anselmi@yopmail.com,26
Melanie,Riva,Melanie.Riva@yopmail.com,124
Paulita,Cynar,Paulita.Cynar@yopmail.com,133
Roz,Eno,Roz.Eno@yopmail.com,112
Marguerite,Rolf,Marguerite.Rolf@yopmail.com,90
Ernesta,Chabot,Ernesta.Chabot@yopmail.com,98
Tamqrah,Ackerley,Tamqrah.Ackerley@yopmail.com,139
Nariko,McCutcheon,Nariko.McCutcheon@yopmail.com,64
Meghann,Kosey,Meghann.Kosey@yopmail.com,76
Drucie,Amasa,Drucie.Amasa@yopmail.com,138
Bill,Roche,Bill.Roche@yopmail.com,99
Gretal,Zetta,Gretal.Zetta@yopmail.com,131
Jorry,Cutlerr,Jorry.Cutlerr@yopmail.com,96
Merci,Malina,Merci.Malina@yopmail.com,130
Katuscha,Seumas,Katuscha.Seumas@yopmail.com,58
Rubie,Cath,Rubie.Cath@yopmail.com,90
Elsie,Rillings,Elsie.Rillings@yopmail.com,76
Gusella,Kelula,Gusella.Kelula@yopmail.com,98
Rayna,Lacombe,Rayna.Lacombe@yopmail.com,73
Roz,Couture,Roz.Couture@yopmail.com,65
Maridel,Beniamino,Maridel.Beniamino@yopmail.com,56
Jacquetta,Glenden,Jacquetta.Glenden@yopmail.com,126
Nikki,Anderea,Nikki.Anderea@yopmail.com,58
Dyann,Wilkinson,Dyann.Wilkinson@yopmail.com,99
Alie,Wu,Alie.Wu@yopmail.com,55
Alex,Lattie,Alex.Lattie@yopmail.com,66
Lucy,Sacken,Lucy.Sacken@yopmail.com,79
Ardeen,Ferino,Ardeen.Ferino@yopmail.com,96
Chandra,Jefferey,Chandra.Jefferey@yopmail.com,49
Addia,Phi,Addia.Phi@yopmail.com,136
Brandise,Bach,Brandise.Bach@yopmail.com,90
Cam,Ferino,Cam.Ferino@yopmail.com,92
Silvana,Bollay,Silvana.Bollay@yopmail.com,57
Karina,Newell,Karina.Newell@yopmail.com,25
Merrie,Hanshaw,Merrie.Hanshaw@yopmail.com,12
Tomasina,Toffic,Tomasina.Toffic@yopmail.com,70
Jan,Ackerley,Jan.Ackerley@yopmail.com,51
Clarice,Lauraine,Clarice.Lauraine@yopmail.com,58
Andree,Olin,Andree.Olin@yopmail.com,99
Aurore,Gombach,Aurore.Gombach@yopmail.com,29
Alyda,Ulphia,Alyda.Ulphia@yopmail.com,84
Merle,Sheng,Merle.Sheng@yopmail.com,74
Roberta,Screens,Roberta.Screens@yopmail.com,134
Jinny,Mauer,Jinny.Mauer@yopmail.com,46
Kassey,Faria,Kassey.Faria@yopmail.com,44
Maud,Merna,Maud.Merna@yopmail.com,125
Grier,Oriana,Grier.Oriana@yopmail.com,55
Ernesta,Montgomery,Ernesta.Montgomery@yopmail.com,41
Ericka,Dash,Ericka.Dash@yopmail.com,56
Kirbee,Magnolia,Kirbee.Magnolia@yopmail.com,116
Lisette,Saint,Lisette.Saint@yopmail.com,98
Roslyn,Elo,Roslyn.Elo@yopmail.com,133
Jenda,Shaddock,Jenda.Shaddock@yopmail.com,132
Jean,Croix,Jean.Croix@yopmail.com,118
Clementine,Durante,Clementine.Durante@yopmail.com,19
Adriana,Brittani,Adriana.Brittani@yopmail.com,71
Alyssa,Brodench,Alyssa.Brodench@yopmail.com,26
Caritta,Mott,Caritta.Mott@yopmail.com,37
Annabela,Middleton,Annabela.Middleton@yopmail.com,114
Fayre,Primalia,Fayre.Primalia@yopmail.com,101
Cecile,Sasnett,Cecile.Sasnett@yopmail.com,123
Jean,Randene,Jean.Randene@yopmail.com,111
Lenna,Joeann,Lenna.Joeann@yopmail.com,47
Arabel,Rosette,Arabel.Rosette@yopmail.com,106
Daune,Gino,Daune.Gino@yopmail.com,114
Tilly,Fosque,Tilly.Fosque@yopmail.com,106
Gusella,Orelee,Gusella.Orelee@yopmail.com,98
Ericka,Dudley,Ericka.Dudley@yopmail.com,62
Caressa,Goldina,Caressa.Goldina@yopmail.com,33
Theodora,Othilia,Theodora.Othilia@yopmail.com,9
Priscilla,Carleen,Priscilla.Carleen@yopmail.com,48
Yolane,Killigrew,Yolane.Killigrew@yopmail.com,27
Alexine,Podvin,Alexine.Podvin@yopmail.com,102
Marcy,Gordon,Marcy.Gordon@yopmail.com,1
Phedra,Stover,Phedra.Stover@yopmail.com,96
Janenna,Astra,Janenna.Astra@yopmail.com,55
Margette,Ade,Margette.Ade@yopmail.com,106
Ursulina,Rossner,Ursulina.Rossner@yopmail.com,74
Fanny,Parsaye,Fanny.Parsaye@yopmail.com,117
Estell,Carvey,Estell.Carvey@yopmail.com,62
Shandie,Wildermuth,Shandie.Wildermuth@yopmail.com,5
Jobi,O'Neill,Jobi.O'Neill@yopmail.com,6
Margette,Primalia,Margette.Primalia@yopmail.com,103
Aili,Japeth,Aili.Japeth@yopmail.com,43
Fina,Granoff,Fina.Granoff@yopmail.com,56
Alyda,Kevon,Alyda.Kevon@yopmail.com,83
Clo,Schroth,Clo.Schroth@yopmail.com,78
Aubrie,Hoban,Aubrie.Hoban@yopmail.com,24
Kathi,Himelman,Kathi.Himelman@yopmail.com,12
Britte,McGrody,Britte.McGrody@yopmail.com,124
Jackie,Birdella,Jackie.Birdella@yopmail.com,37
Meghann,Mayeda,Meghann.Mayeda@yopmail.com,106
Tera,Tillford,Tera.Tillford@yopmail.com,66
Sonni,Constancy,Sonni.Constancy@yopmail.com,68
Jillayne,Thunell,Jillayne.Thunell@yopmail.com,138
Ilse,Vilma,Ilse.Vilma@yopmail.com,63
Kimberley,Gilbertson,Kimberley.Gilbertson@yopmail.com,122
Ida,Vittoria,Ida.Vittoria@yopmail.com,4
Tressa,Meli,Tressa.Meli@yopmail.com,83
Dacia,Tound,Dacia.Tound@yopmail.com,130
Letizia,Danby,Marnia.Danby@yopmail.com,14
Letizia,Danby,Marnia.Danby@yopmail.com,14
Janenna,Valoniah,Janenna.Valoniah@yopmail.com,100
Ezmeralda,Creamer,Ezmeralda.Creamer@yopmail.com,136
Rochette,Shelba,Rochette.Shelba@yopmail.com,42
Libbie,Hillel,Libbie.Hillel@yopmail.com,93
Sissy,Alabaster,Sissy.Alabaster@yopmail.com,5
Gavrielle,Wind,Gavrielle.Wind@yopmail.com,39
Fina,Granoff,Fina.Granoff@yopmail.com,65